,Year,State,HAI,Facility1,Facility1_ID,County,Infection_Count,Num_patients,Predicted_Infections
0,2014,California,Methicillin-Resistant Staphylococcus aureus Bloodstream Infection (MRSA BSI),AHMC Anaheim Regional Medical Center,60000002,Orange,4.0,48300.0,3.0
1,2014,California,Methicillin-Resistant Staphylococcus aureus Bloodstream Infection (MRSA BSI),Adventist Medical Center,630012960,Kings,0.0,31054.0,1.73
2,2014,California,Methicillin-Resistant Staphylococcus aureus Bloodstream Infection (MRSA BSI),Adventist Medical Center - Reedley,40000124,Fresno,0.0,6909.0,0.27
3,2014,California,Methicillin-Resistant Staphylococcus aureus Bloodstream Infection (MRSA BSI),Adventist Medical Center - Selma,40000122,Fresno,0.0,8700.0,0.4
4,2014,California,Methicillin-Resistant Staphylococcus aureus Bloodstream Infection (MRSA BSI),Alameda Hospital,140000011,Alameda,0.0,10019.0,0.4
5,2014,California,Methicillin-Resistant Staphylococcus aureus Bloodstream Infection (MRSA BSI),Alhambra Hospital Medical Center,930000005,Los Angeles,1.0,20010.0,1.26
6,2014,California,Methicillin-Resistant Staphylococcus aureus Bloodstream Infection (MRSA BSI),Alta Bates Summit Medical Center,140000425,Alameda,3.0,53427.0,4.24
7,2014,California,Methicillin-Resistant Staphylococcus aureus Bloodstream Infection (MRSA BSI),Alta Bates Summit Medical Center-Alta Bates Campus,140000012,Alameda,2.0,81124.0,5.03
8,2014,California,Methicillin-Resistant Staphylococcus aureus Bloodstream Infection (MRSA BSI),Alvarado Hospital Medical Center,90000013,San Diego,1.0,32780.0,2.27
9,2014,California,Methicillin-Resistant Staphylococcus aureus Bloodstream Infection (MRSA BSI),Antelope Valley Hospital,930000008,Los Angeles,4.0,92233.0,5.62
10,2014,California,Methicillin-Resistant Staphylococcus aureus Bloodstream Infection (MRSA BSI),Arrowhead Regional Medical Center,240000100,San Bernardino,11.0,96051.0,10.04
11,2014,California,Methicillin-Resistant Staphylococcus aureus Bloodstream Infection (MRSA BSI),Bakersfield Heart Hospital,120001330,Kern,1.0,15235.0,0.94
12,2014,California,Methicillin-Resistant Staphylococcus aureus Bloodstream Infection (MRSA BSI),Bakersfield Memorial Hospital,120000338,Kern,8.0,65753.0,3.38
13,2014,California,Methicillin-Resistant Staphylococcus aureus Bloodstream Infection (MRSA BSI),Banner Lassen Medical Center,230000008,Lassen,0.0,4819.0,0.24
14,2014,California,Methicillin-Resistant Staphylococcus aureus Bloodstream Infection (MRSA BSI),Barstow Community Hospital,240000001,San Bernardino,2.0,6866.0,0.52
15,2014,California,Methicillin-Resistant Staphylococcus aureus Bloodstream Infection (MRSA BSI),Barton Memorial Hospital,30000114,El Dorado,0.0,7275.0,0.26
16,2014,California,Methicillin-Resistant Staphylococcus aureus Bloodstream Infection (MRSA BSI),Bear Valley Community Hospital,240000002,San Bernardino,0.0,543.0,0.02
17,2014,California,Methicillin-Resistant Staphylococcus aureus Bloodstream Infection (MRSA BSI),Beverly Hospital,930000012,Los Angeles,3.0,39407.0,2.03
18,2014,California,Methicillin-Resistant Staphylococcus aureus Bloodstream Infection (MRSA BSI),Biggs Gridley Memorial Hospital,230000001,Butte,0.0,2216.0,0.08
19,2014,California,Methicillin-Resistant Staphylococcus aureus Bloodstream Infection (MRSA BSI),California Hospital Medical Center - Los Angeles,930000002,Los Angeles,4.0,76620.0,4.75
20,2014,California,Methicillin-Resistant Staphylococcus aureus Bloodstream Infection (MRSA BSI),California Medical Facility,150000441,Solano,0.0,2167.0,0.08
22,2014,California,Methicillin-Resistant Staphylococcus aureus Bloodstream Infection (MRSA BSI),California Pacific Medical Center - Davies Campus Hospital,220000023,San Francisco,1.0,23101.0,1.62
23,2014,California,Methicillin-Resistant Staphylococcus aureus Bloodstream Infection (MRSA BSI),California Pacific Medical Center - Pacific Campus Hospital,220000022,San Francisco,6.0,69623.0,3.87
24,2014,California,Methicillin-Resistant Staphylococcus aureus Bloodstream Infection (MRSA BSI),California Pacific Medical Center – California West Campus Hospital,220000002,San Francisco,0.0,41538.0,1.49
25,2014,California,Methicillin-Resistant Staphylococcus aureus Bloodstream Infection (MRSA BSI),California Pacific Medical Center – St. Luke’s Campus Hospital,220000018,San Francisco,2.0,21055.0,1.15
26,2014,California,Methicillin-Resistant Staphylococcus aureus Bloodstream Infection (MRSA BSI),Catalina Island Medical Center,930000013,Los Angeles,0.0,150.0,0.01
27,2014,California,Methicillin-Resistant Staphylococcus aureus Bloodstream Infection (MRSA BSI),Cedars-Sinai Medical Center,930000004,Los Angeles,13.0,260599.0,24.24
28,2014,California,Methicillin-Resistant Staphylococcus aureus Bloodstream Infection (MRSA BSI),Centinela Hospital Medical Center,930000022,Los Angeles,2.0,73159.0,3.69
29,2014,California,Methicillin-Resistant Staphylococcus aureus Bloodstream Infection (MRSA BSI),Central Valley General Hospital,40000119,Kings,0.0,8168.0,0.29
30,2014,California,Methicillin-Resistant Staphylococcus aureus Bloodstream Infection (MRSA BSI),Chapman Medical Center,60000006,Orange,1.0,11528.0,0.46
31,2014,California,Methicillin-Resistant Staphylococcus aureus Bloodstream Infection (MRSA BSI),Children's Hospital & Research Center Oakland,140000014,Alameda,3.0,49709.0,2.58
32,2014,California,Methicillin-Resistant Staphylococcus aureus Bloodstream Infection (MRSA BSI),Children's Hospital Central California,40000129,Madera,0.0,74658.0,3.28
33,2014,California,Methicillin-Resistant Staphylococcus aureus Bloodstream Infection (MRSA BSI),Children's Hospital at Mission,60001207,Orange,0.0,7932.0,0.28
34,2014,California,Methicillin-Resistant Staphylococcus aureus Bloodstream Infection (MRSA BSI),Children's Hospital of Orange County,60000007,Orange,0.0,58288.0,3.4
35,2014,California,Methicillin-Resistant Staphylococcus aureus Bloodstream Infection (MRSA BSI),Childrens Hospital Los Angeles,930000034,Los Angeles,4.0,103420.0,5.63
36,2014,California,Methicillin-Resistant Staphylococcus aureus Bloodstream Infection (MRSA BSI),Chinese Hospital,220000003,San Francisco,0.0,7978.0,0.29
37,2014,California,Methicillin-Resistant Staphylococcus aureus Bloodstream Infection (MRSA BSI),Chino Valley Medical Center,240000003,San Bernardino,0.0,14971.0,0.57
38,2014,California,Methicillin-Resistant Staphylococcus aureus Bloodstream Infection (MRSA BSI),Citrus Valley Medical Center - IC Campus,930000070,Los Angeles,7.0,111266.0,7.66
39,2014,California,Methicillin-Resistant Staphylococcus aureus Bloodstream Infection (MRSA BSI),City of Hope Helford Clinical Research Hospital,930000036,Los Angeles,4.0,58136.0,2.26
40,2014,California,Methicillin-Resistant Staphylococcus aureus Bloodstream Infection (MRSA BSI),Clovis Community Medical Center,40000095,Fresno,2.0,58538.0,2.24
41,2014,California,Methicillin-Resistant Staphylococcus aureus Bloodstream Infection (MRSA BSI),Coalinga Regional Medical Center,40000096,Fresno,0.0,575.0,0.02
42,2014,California,Methicillin-Resistant Staphylococcus aureus Bloodstream Infection (MRSA BSI),Coast Plaza Hospital,930000038,Los Angeles,0.0,13762.0,0.58
43,2014,California,Methicillin-Resistant Staphylococcus aureus Bloodstream Infection (MRSA BSI),Coastal Communities Hospital,60000021,Orange,0.0,18026.0,0.8
44,2014,California,Methicillin-Resistant Staphylococcus aureus Bloodstream Infection (MRSA BSI),College Hospital Costa Mesa,60000008,Orange,0.0,40966.0,1.47
45,2014,California,Methicillin-Resistant Staphylococcus aureus Bloodstream Infection (MRSA BSI),College Medical Center,930000114,Los Angeles,0.0,35912.0,1.69
46,2014,California,Methicillin-Resistant Staphylococcus aureus Bloodstream Infection (MRSA BSI),Colorado River Medical Center,240000034,San Bernardino,0.0,1733.0,0.06
47,2014,California,Methicillin-Resistant Staphylococcus aureus Bloodstream Infection (MRSA BSI),Colusa Regional Medical Center,230000259,Colusa,0.0,2726.0,0.1
48,2014,California,Methicillin-Resistant Staphylococcus aureus Bloodstream Infection (MRSA BSI),Community Hospital Long Beach,930000082,Los Angeles,0.0,11949.0,0.89
49,2014,California,Methicillin-Resistant Staphylococcus aureus Bloodstream Infection (MRSA BSI),Community Hospital of Huntington Park,930000040,Los Angeles,1.0,13598.0,0.78
50,2014,California,Methicillin-Resistant Staphylococcus aureus Bloodstream Infection (MRSA BSI),Community Hospital of San Bernardino,240000082,San Bernardino,1.0,32397.0,1.41
51,2014,California,Methicillin-Resistant Staphylococcus aureus Bloodstream Infection (MRSA BSI),Community Hospital of The Monterey Peninsula,70000137,Monterey,2.0,49835.0,2.03
52,2014,California,Methicillin-Resistant Staphylococcus aureus Bloodstream Infection (MRSA BSI),Community Memorial Hospital - San Buenaventura,50000014,Ventura,5.0,54622.0,3.91
53,2014,California,Methicillin-Resistant Staphylococcus aureus Bloodstream Infection (MRSA BSI),Community Regional Medical Center,40000101,Fresno,25.0,199447.0,19.81
54,2014,California,Methicillin-Resistant Staphylococcus aureus Bloodstream Infection (MRSA BSI),Contra Costa Regional Medical Center,140000195,Contra Costa,3.0,46946.0,2.16
55,2014,California,Methicillin-Resistant Staphylococcus aureus Bloodstream Infection (MRSA BSI),Corona Regional Medical Center,250000006,Riverside,0.0,27506.0,1.4
56,2014,California,Methicillin-Resistant Staphylococcus aureus Bloodstream Infection (MRSA BSI),Dameron Hospital,30000117,San Joaquin,3.0,37790.0,1.97
57,2014,California,Methicillin-Resistant Staphylococcus aureus Bloodstream Infection (MRSA BSI),Delano Regional Medical Center,120000336,Kern,0.0,12686.0,0.54
58,2014,California,Methicillin-Resistant Staphylococcus aureus Bloodstream Infection (MRSA BSI),Desert Regional Medical Center,250000008,Riverside,6.0,87599.0,4.2
59,2014,California,Methicillin-Resistant Staphylococcus aureus Bloodstream Infection (MRSA BSI),Desert Valley Hospital,240001330,San Bernardino,1.0,32078.0,2.16
60,2014,California,Methicillin-Resistant Staphylococcus aureus Bloodstream Infection (MRSA BSI),Doctors Hospital of Manteca,30000118,San Joaquin,0.0,14762.0,0.99
61,2014,California,Methicillin-Resistant Staphylococcus aureus Bloodstream Infection (MRSA BSI),"Doctors Hospital of West Covina, Inc.",930000188,Los Angeles,0.0,331.0,0.01
62,2014,California,Methicillin-Resistant Staphylococcus aureus Bloodstream Infection (MRSA BSI),Doctors Medical Center,30000122,Stanislaus,6.0,132494.0,11.01
63,2014,California,Methicillin-Resistant Staphylococcus aureus Bloodstream Infection (MRSA BSI),Doctors Medical Center - San Pablo,110001204,Contra Costa,1.0,17628.0,1.52
64,2014,California,Methicillin-Resistant Staphylococcus aureus Bloodstream Infection (MRSA BSI),Dominican Hospital,70000139,Santa Cruz,1.0,45430.0,2.19
65,2014,California,Methicillin-Resistant Staphylococcus aureus Bloodstream Infection (MRSA BSI),Earl & Loraine Miller Children's Hospital,930001709,Los Angeles,1.0,71327.0,2.64
66,2014,California,Methicillin-Resistant Staphylococcus aureus Bloodstream Infection (MRSA BSI),East Los Angeles Doctors Hospital,930000053,Los Angeles,0.0,22861.0,0.94
67,2014,California,Methicillin-Resistant Staphylococcus aureus Bloodstream Infection (MRSA BSI),Eastern Plumas Hospital-Portola Campus,230000004,Plumas,0.0,823.0,0.03
68,2014,California,Methicillin-Resistant Staphylococcus aureus Bloodstream Infection (MRSA BSI),Eden Medical Center,140000183,Alameda,4.0,39839.0,2.13
69,2014,California,Methicillin-Resistant Staphylococcus aureus Bloodstream Infection (MRSA BSI),Eisenhower Medical Center,250000011,Riverside,6.0,70887.0,5.84
70,2014,California,Methicillin-Resistant Staphylococcus aureus Bloodstream Infection (MRSA BSI),El Camino Hospital,70001351,Santa Clara,2.0,70091.0,3.77
71,2014,California,Methicillin-Resistant Staphylococcus aureus Bloodstream Infection (MRSA BSI),El Camino Hospital Los Gatos,70000136,Santa Clara,0.0,15581.0,0.65
72,2014,California,Methicillin-Resistant Staphylococcus aureus Bloodstream Infection (MRSA BSI),El Centro Regional Medical Center,90000040,Imperial,0.0,24911.0,1.17
73,2014,California,Methicillin-Resistant Staphylococcus aureus Bloodstream Infection (MRSA BSI),Emanuel Medical Center,30000125,Stanislaus,1.0,39467.0,2.04
74,2014,California,Methicillin-Resistant Staphylococcus aureus Bloodstream Infection (MRSA BSI),Encino Hospital Medical Center,930000054,Los Angeles,0.0,21648.0,0.86
75,2014,California,Methicillin-Resistant Staphylococcus aureus Bloodstream Infection (MRSA BSI),Enloe Medical Center - Esplanade,230000013,Butte,1.0,73779.0,3.65
76,2014,California,Methicillin-Resistant Staphylococcus aureus Bloodstream Infection (MRSA BSI),Fairchild Medical Center,230000019,Siskiyou,0.0,4715.0,0.29
77,2014,California,Methicillin-Resistant Staphylococcus aureus Bloodstream Infection (MRSA BSI),Fairview Developmental Center,170001767,Orange,0.0,294.0,0.01
78,2014,California,Methicillin-Resistant Staphylococcus aureus Bloodstream Infection (MRSA BSI),Feather River Hospital,230000005,Butte,0.0,20480.0,0.77
79,2014,California,Methicillin-Resistant Staphylococcus aureus Bloodstream Infection (MRSA BSI),Foothill Presbyterian Hospital-Johnston Memorial,930000056,Los Angeles,0.0,20462.0,1.16
80,2014,California,Methicillin-Resistant Staphylococcus aureus Bloodstream Infection (MRSA BSI),Fountain Valley Regional Hospital & Medical Center,60000011,Orange,1.0,94333.0,5.0
81,2014,California,Methicillin-Resistant Staphylococcus aureus Bloodstream Infection (MRSA BSI),Frank R. Howard Memorial Hospital,110000008,Mendocino,0.0,5707.0,0.2
82,2014,California,Methicillin-Resistant Staphylococcus aureus Bloodstream Infection (MRSA BSI),French Hospital Medical Center,50000016,San Luis Obispo,0.0,15500.0,0.91
83,2014,California,Methicillin-Resistant Staphylococcus aureus Bloodstream Infection (MRSA BSI),Fresno Heart and Surgical Hospital,40001397,Fresno,0.0,11974.0,0.43
84,2014,California,Methicillin-Resistant Staphylococcus aureus Bloodstream Infection (MRSA BSI),Fresno Surgical Hospital,40000254,Fresno,0.0,3845.0,0.14
85,2014,California,Methicillin-Resistant Staphylococcus aureus Bloodstream Infection (MRSA BSI),Garden Grove Hospital and Medical Center,60000058,Orange,3.0,21551.0,1.23
86,2014,California,Methicillin-Resistant Staphylococcus aureus Bloodstream Infection (MRSA BSI),Gardens Regional Hospital and Medical Center,930000032,Los Angeles,0.0,18283.0,0.95
87,2014,California,Methicillin-Resistant Staphylococcus aureus Bloodstream Infection (MRSA BSI),Garfield Medical Center,930000058,Los Angeles,2.0,67533.0,3.32
88,2014,California,Methicillin-Resistant Staphylococcus aureus Bloodstream Infection (MRSA BSI),George L. Mee Memorial Hospital,70000141,Monterey,0.0,23458.0,0.84
89,2014,California,Methicillin-Resistant Staphylococcus aureus Bloodstream Infection (MRSA BSI),Glendale Adventist Medical Center,930000059,Los Angeles,2.0,101216.0,7.19
90,2014,California,Methicillin-Resistant Staphylococcus aureus Bloodstream Infection (MRSA BSI),Glendale Memorial Hospital and Health Center,930000093,Los Angeles,1.0,55677.0,5.62
91,2014,California,Methicillin-Resistant Staphylococcus aureus Bloodstream Infection (MRSA BSI),Glendora Community Hospital,930000060,Los Angeles,0.0,9564.0,0.76
92,2014,California,Methicillin-Resistant Staphylococcus aureus Bloodstream Infection (MRSA BSI),Glenn Medical Center,230000006,Glenn,0.0,1337.0,0.05
93,2014,California,Methicillin-Resistant Staphylococcus aureus Bloodstream Infection (MRSA BSI),Goleta Valley Cottage Hospital,50000017,Santa Barbara,0.0,14032.0,0.5
94,2014,California,Methicillin-Resistant Staphylococcus aureus Bloodstream Infection (MRSA BSI),"Good Samaritan Hospital, Bakersfield",120000319,Kern,0.0,3508.0,0.13
95,2014,California,Methicillin-Resistant Staphylococcus aureus Bloodstream Infection (MRSA BSI),"Good Samaritan Hospital, Los Angeles",930000068,Los Angeles,2.0,64846.0,3.41
96,2014,California,Methicillin-Resistant Staphylococcus aureus Bloodstream Infection (MRSA BSI),"Good Samaritan Hospital, San Jose",70000153,Santa Clara,2.0,87494.0,5.54
97,2014,California,Methicillin-Resistant Staphylococcus aureus Bloodstream Infection (MRSA BSI),Greater El Monte Community Hospital,930000062,Los Angeles,1.0,13205.0,0.51
98,2014,California,Methicillin-Resistant Staphylococcus aureus Bloodstream Infection (MRSA BSI),Grossmont Hospital,80000045,San Diego,4.0,125510.0,8.59
99,2014,California,Methicillin-Resistant Staphylococcus aureus Bloodstream Infection (MRSA BSI),Hazel Hawkins Memorial Hospital,70000142,San Benito,0.0,7973.0,0.32
100,2014,California,Methicillin-Resistant Staphylococcus aureus Bloodstream Infection (MRSA BSI),Healdsburg District Hospital,110000009,Sonoma,0.0,4345.0,0.16
101,2014,California,Methicillin-Resistant Staphylococcus aureus Bloodstream Infection (MRSA BSI),Healthbridge Children's Hospital - Orange,60001674,Orange,0.0,1783.0,0.06
102,2014,California,Methicillin-Resistant Staphylococcus aureus Bloodstream Infection (MRSA BSI),Hemet Valley Medical Center,250000012,Riverside,8.0,43228.0,3.01
103,2014,California,Methicillin-Resistant Staphylococcus aureus Bloodstream Infection (MRSA BSI),Henry Mayo Newhall Hospital,930000063,Los Angeles,2.0,58670.0,2.61
104,2014,California,Methicillin-Resistant Staphylococcus aureus Bloodstream Infection (MRSA BSI),Hi-Desert Medical Center,240000014,San Bernardino,0.0,9401.0,0.54
105,2014,California,Methicillin-Resistant Staphylococcus aureus Bloodstream Infection (MRSA BSI),Highland Hospital,140000034,Alameda,0.0,54190.0,4.11
106,2014,California,Methicillin-Resistant Staphylococcus aureus Bloodstream Infection (MRSA BSI),Hoag Hospital Irvine,60001022,Orange,0.0,13596.0,0.67
107,2014,California,Methicillin-Resistant Staphylococcus aureus Bloodstream Infection (MRSA BSI),Hoag Memorial Hospital Presbyterian,60000014,Orange,2.0,108881.0,7.09
108,2014,California,Methicillin-Resistant Staphylococcus aureus Bloodstream Infection (MRSA BSI),Hoag Orthopedic Institute,630012891,Orange,0.0,10200.0,0.37
109,2014,California,Methicillin-Resistant Staphylococcus aureus Bloodstream Infection (MRSA BSI),Hollywood Presbyterian Medical Center,930000065,Los Angeles,3.0,65578.0,4.8
110,2014,California,Methicillin-Resistant Staphylococcus aureus Bloodstream Infection (MRSA BSI),Huntington Beach Hospital,60000015,Orange,4.0,18342.0,1.04
111,2014,California,Methicillin-Resistant Staphylococcus aureus Bloodstream Infection (MRSA BSI),Huntington Memorial Hospital,930000026,Los Angeles,2.0,120553.0,7.55
112,2014,California,Methicillin-Resistant Staphylococcus aureus Bloodstream Infection (MRSA BSI),Jerold Phelps Community Hospital,110000057,Humboldt,0.0,53.0,0.0
113,2014,California,Methicillin-Resistant Staphylococcus aureus Bloodstream Infection (MRSA BSI),John C. Fremont Healthcare District,40000105,Mariposa,0.0,8756.0,0.31
114,2014,California,Methicillin-Resistant Staphylococcus aureus Bloodstream Infection (MRSA BSI),John F. Kennedy Memorial Hospital,250000017,Riverside,0.0,25426.0,1.41
115,2014,California,Methicillin-Resistant Staphylococcus aureus Bloodstream Infection (MRSA BSI),John Muir Medical Center-Concord Campus,140000196,Contra Costa,3.0,43691.0,2.9
116,2014,California,Methicillin-Resistant Staphylococcus aureus Bloodstream Infection (MRSA BSI),John Muir Medical Center-Walnut Creek Campus,140000187,Contra Costa,4.0,87766.0,5.28
117,2014,California,Methicillin-Resistant Staphylococcus aureus Bloodstream Infection (MRSA BSI),"Kaiser Foundation Hospital and Rehab Center, Vallejo",110000011,Solano,0.0,52426.0,2.27
118,2014,California,Methicillin-Resistant Staphylococcus aureus Bloodstream Infection (MRSA BSI),"Kaiser Foundation Hospital, Antioch",630011203,Contra Costa,0.0,29771.0,1.25
119,2014,California,Methicillin-Resistant Staphylococcus aureus Bloodstream Infection (MRSA BSI),"Kaiser Foundation Hospital, Baldwin Park",930001543,Los Angeles,2.0,47763.0,1.88
120,2014,California,Methicillin-Resistant Staphylococcus aureus Bloodstream Infection (MRSA BSI),"Kaiser Foundation Hospital, Downey",930000074,Los Angeles,2.0,88415.0,3.84
121,2014,California,Methicillin-Resistant Staphylococcus aureus Bloodstream Infection (MRSA BSI),"Kaiser Foundation Hospital, Fontana",240000024,San Bernardino,2.0,84804.0,3.15
122,2014,California,Methicillin-Resistant Staphylococcus aureus Bloodstream Infection (MRSA BSI),"Kaiser Foundation Hospital, Fremont",140001086,Alameda,1.0,32979.0,1.6
123,2014,California,Methicillin-Resistant Staphylococcus aureus Bloodstream Infection (MRSA BSI),"Kaiser Foundation Hospital, Fresno",40000949,Fresno,0.0,25820.0,1.29
124,2014,California,Methicillin-Resistant Staphylococcus aureus Bloodstream Infection (MRSA BSI),"Kaiser Foundation Hospital, Los Angeles",930000072,Los Angeles,3.0,112349.0,8.86
125,2014,California,Methicillin-Resistant Staphylococcus aureus Bloodstream Infection (MRSA BSI),"Kaiser Foundation Hospital, Manteca",30000973,Stanislaus,2.0,38692.0,1.79
126,2014,California,Methicillin-Resistant Staphylococcus aureus Bloodstream Infection (MRSA BSI),"Kaiser Foundation Hospital, Moreno Valley",630011959,Riverside,1.0,17083.0,0.76
127,2014,California,Methicillin-Resistant Staphylococcus aureus Bloodstream Infection (MRSA BSI),"Kaiser Foundation Hospital, Oakland/Richmond",140000188,Alameda,2.0,72958.0,3.11
128,2014,California,Methicillin-Resistant Staphylococcus aureus Bloodstream Infection (MRSA BSI),"Kaiser Foundation Hospital, Ontario",630013398,San Bernardino,1.0,39252.0,1.51
129,2014,California,Methicillin-Resistant Staphylococcus aureus Bloodstream Infection (MRSA BSI),"Kaiser Foundation Hospital, Orange County, Anaheim",630013929,Orange,1.0,63912.0,2.89
130,2014,California,Methicillin-Resistant Staphylococcus aureus Bloodstream Infection (MRSA BSI),"Kaiser Foundation Hospital, Orange County, Irvine",630011745,Orange,0.0,51899.0,1.94
131,2014,California,Methicillin-Resistant Staphylococcus aureus Bloodstream Infection (MRSA BSI),"Kaiser Foundation Hospital, Panorama City",930000050,Los Angeles,1.0,41631.0,1.7
132,2014,California,Methicillin-Resistant Staphylococcus aureus Bloodstream Infection (MRSA BSI),"Kaiser Foundation Hospital, Redwood City",220000010,San Mateo,0.0,38765.0,2.1
133,2014,California,Methicillin-Resistant Staphylococcus aureus Bloodstream Infection (MRSA BSI),"Kaiser Foundation Hospital, Riverside",250000707,Riverside,6.0,56869.0,2.51
134,2014,California,Methicillin-Resistant Staphylococcus aureus Bloodstream Infection (MRSA BSI),"Kaiser Foundation Hospital, Roseville",30001370,Placer,2.0,84157.0,3.59
135,2014,California,Methicillin-Resistant Staphylococcus aureus Bloodstream Infection (MRSA BSI),"Kaiser Foundation Hospital, Sacramento",30000130,Sacramento,2.0,42295.0,2.13
136,2014,California,Methicillin-Resistant Staphylococcus aureus Bloodstream Infection (MRSA BSI),"Kaiser Foundation Hospital, San Diego",80000144,San Diego,2.0,98308.0,5.88
137,2014,California,Methicillin-Resistant Staphylococcus aureus Bloodstream Infection (MRSA BSI),"Kaiser Foundation Hospital, San Francisco",220000008,San Francisco,1.0,62680.0,3.29
138,2014,California,Methicillin-Resistant Staphylococcus aureus Bloodstream Infection (MRSA BSI),Sonoma Valley Hospital,110000056,Sonoma,0.0,4254.0,0.15
139,2014,California,Methicillin-Resistant Staphylococcus aureus Bloodstream Infection (MRSA BSI),"Kaiser Foundation Hospital, San Jose",70000150,Santa Clara,3.0,49197.0,2.17
140,2014,California,Methicillin-Resistant Staphylococcus aureus Bloodstream Infection (MRSA BSI),"Kaiser Foundation Hospital, San Rafael",110000944,Marin,0.0,21511.0,0.9
141,2014,California,Methicillin-Resistant Staphylococcus aureus Bloodstream Infection (MRSA BSI),"Kaiser Foundation Hospital, Santa Clara",70001355,Santa Clara,3.0,83616.0,3.44
142,2014,California,Methicillin-Resistant Staphylococcus aureus Bloodstream Infection (MRSA BSI),"Kaiser Foundation Hospital, Santa Rosa",110000508,Sonoma,0.0,35404.0,1.46
143,2014,California,Methicillin-Resistant Staphylococcus aureus Bloodstream Infection (MRSA BSI),"Kaiser Foundation Hospital, South Bay",930000071,Los Angeles,2.0,48068.0,2.0
144,2014,California,Methicillin-Resistant Staphylococcus aureus Bloodstream Infection (MRSA BSI),"Kaiser Foundation Hospital, South Sacramento",30000133,Sacramento,1.0,55688.0,2.3
145,2014,California,Methicillin-Resistant Staphylococcus aureus Bloodstream Infection (MRSA BSI),"Kaiser Foundation Hospital, South San Francisco",220000009,San Mateo,0.0,22535.0,1.23
146,2014,California,Methicillin-Resistant Staphylococcus aureus Bloodstream Infection (MRSA BSI),"Kaiser Foundation Hospital, Vacaville",630012364,Solano,0.0,23236.0,1.07
147,2014,California,Methicillin-Resistant Staphylococcus aureus Bloodstream Infection (MRSA BSI),"Kaiser Foundation Hospital, Walnut Creek",140000190,Contra Costa,0.0,59037.0,2.96
148,2014,California,Methicillin-Resistant Staphylococcus aureus Bloodstream Infection (MRSA BSI),"Kaiser Foundation Hospital, West LA",930000076,Los Angeles,1.0,45416.0,2.03
149,2014,California,Methicillin-Resistant Staphylococcus aureus Bloodstream Infection (MRSA BSI),"Kaiser Foundation Hospital, Woodland Hills",930000290,Los Angeles,2.0,44647.0,1.94
150,2014,California,Methicillin-Resistant Staphylococcus aureus Bloodstream Infection (MRSA BSI),Kaweah Delta Medical Center,120001444,Tulare,12.0,119599.0,5.99
151,2014,California,Methicillin-Resistant Staphylococcus aureus Bloodstream Infection (MRSA BSI),Keck Hospital of USC,930000912,Los Angeles,5.0,89462.0,5.37
152,2014,California,Methicillin-Resistant Staphylococcus aureus Bloodstream Infection (MRSA BSI),Kern Medical Center,120000342,Kern,5.0,52087.0,3.16
153,2014,California,Methicillin-Resistant Staphylococcus aureus Bloodstream Infection (MRSA BSI),Kern Valley Healthcare District,120000344,Kern,0.0,3114.0,0.24
154,2014,California,Methicillin-Resistant Staphylococcus aureus Bloodstream Infection (MRSA BSI),LAC+USC Medical Center,60000040,Los Angeles,19.0,168604.0,15.79
155,2014,California,Methicillin-Resistant Staphylococcus aureus Bloodstream Infection (MRSA BSI),LAC/Harbor-UCLA Medical Center,60000027,Los Angeles,5.0,101935.0,9.43
156,2014,California,Methicillin-Resistant Staphylococcus aureus Bloodstream Infection (MRSA BSI),LAC/Rancho Los Amigos National Rehabilitation Ctr,60000028,Los Angeles,0.0,54844.0,1.96
157,2014,California,Methicillin-Resistant Staphylococcus aureus Bloodstream Infection (MRSA BSI),La Palma Intercommunity Hospital,60000024,Orange,4.0,19026.0,1.17
158,2014,California,Methicillin-Resistant Staphylococcus aureus Bloodstream Infection (MRSA BSI),Laguna Honda Hospital & Rehabilitation Center,220000012,San Francisco,0.0,674.0,0.02
159,2014,California,Methicillin-Resistant Staphylococcus aureus Bloodstream Infection (MRSA BSI),Lakewood Regional Medical Center,930000047,Los Angeles,7.0,39540.0,2.41
160,2014,California,Methicillin-Resistant Staphylococcus aureus Bloodstream Infection (MRSA BSI),Lodi Memorial Hospital,30000139,San Joaquin,2.0,32636.0,1.52
161,2014,California,Methicillin-Resistant Staphylococcus aureus Bloodstream Infection (MRSA BSI),Loma Linda University Medical Center,240000027,San Bernardino,28.0,197870.0,16.23
162,2014,California,Methicillin-Resistant Staphylococcus aureus Bloodstream Infection (MRSA BSI),Loma Linda University Medical Center - Murrieta,630012971,Riverside,1.0,31814.0,1.95
163,2014,California,Methicillin-Resistant Staphylococcus aureus Bloodstream Infection (MRSA BSI),Lompoc Valley Medical Center,50000018,Santa Barbara,0.0,8929.0,0.36
164,2014,California,Methicillin-Resistant Staphylococcus aureus Bloodstream Infection (MRSA BSI),Long Beach Memorial Medical Center,930000095,Los Angeles,5.0,98732.0,7.58
165,2014,California,Methicillin-Resistant Staphylococcus aureus Bloodstream Infection (MRSA BSI),Los Alamitos Medical Center,60000025,Orange,2.0,45338.0,2.3
166,2014,California,Methicillin-Resistant Staphylococcus aureus Bloodstream Infection (MRSA BSI),Los Angeles Community Hospital,930000085,Los Angeles,15.0,46300.0,3.27
167,2014,California,Methicillin-Resistant Staphylococcus aureus Bloodstream Infection (MRSA BSI),Los Angeles County Olive View-UCLA Medical Center,60000038,Los Angeles,1.0,68396.0,4.26
168,2014,California,Methicillin-Resistant Staphylococcus aureus Bloodstream Infection (MRSA BSI),Los Robles Hospital & Medical Center,50000020,Ventura,3.0,89496.0,3.99
169,2014,California,Methicillin-Resistant Staphylococcus aureus Bloodstream Infection (MRSA BSI),Lucile Salter Packard Children's Hospital at Stanford,70001349,Santa Clara,3.0,102548.0,5.17
170,2014,California,Methicillin-Resistant Staphylococcus aureus Bloodstream Infection (MRSA BSI),Mad River Community Hospital,110000021,Humboldt,0.0,10651.0,0.42
171,2014,California,Methicillin-Resistant Staphylococcus aureus Bloodstream Infection (MRSA BSI),Madera Community Hospital,40000111,Madera,0.0,20070.0,0.84
172,2014,California,Methicillin-Resistant Staphylococcus aureus Bloodstream Infection (MRSA BSI),Mammoth Hospital,240000005,Mono,0.0,1366.0,0.05
173,2014,California,Methicillin-Resistant Staphylococcus aureus Bloodstream Infection (MRSA BSI),Marian Regional Medical Center,50000021,Santa Barbara,0.0,39600.0,2.07
174,2014,California,Methicillin-Resistant Staphylococcus aureus Bloodstream Infection (MRSA BSI),"Marian Regional Medical Center, Arroyo Grande",50000009,San Luis Obispo,1.0,8891.0,0.84
175,2014,California,Methicillin-Resistant Staphylococcus aureus Bloodstream Infection (MRSA BSI),Marin General Hospital,110000953,Marin,4.0,42894.0,2.05
176,2014,California,Methicillin-Resistant Staphylococcus aureus Bloodstream Infection (MRSA BSI),Marina Del Rey Hospital,930000044,Los Angeles,1.0,14961.0,0.8
177,2014,California,Methicillin-Resistant Staphylococcus aureus Bloodstream Infection (MRSA BSI),Mark Twain Medical Center,30000120,Calaveras,0.0,4396.0,0.16
178,2014,California,Methicillin-Resistant Staphylococcus aureus Bloodstream Infection (MRSA BSI),Marshall Medical Center,30000121,El Dorado,1.0,20708.0,1.37
179,2014,California,Methicillin-Resistant Staphylococcus aureus Bloodstream Infection (MRSA BSI),Mayers Memorial Hospital,230000009,Shasta,0.0,1780.0,0.06
180,2014,California,Methicillin-Resistant Staphylococcus aureus Bloodstream Infection (MRSA BSI),Memorial Hospital Los Banos,40000110,Merced,0.0,5062.0,0.26
182,2014,California,Methicillin-Resistant Staphylococcus aureus Bloodstream Infection (MRSA BSI),Memorial Medical Center,30000123,Stanislaus,2.0,88639.0,6.22
183,2014,California,Methicillin-Resistant Staphylococcus aureus Bloodstream Infection (MRSA BSI),Mendocino Coast District Hospital,110000023,Mendocino,0.0,4704.0,0.32
184,2014,California,Methicillin-Resistant Staphylococcus aureus Bloodstream Infection (MRSA BSI),Menifee Valley Medical Center,250000727,Riverside,1.0,11546.0,1.23
185,2014,California,Methicillin-Resistant Staphylococcus aureus Bloodstream Infection (MRSA BSI),Menlo Park Surgical Hospital,220000716,San Mateo,0.0,241.0,0.01
186,2014,California,Methicillin-Resistant Staphylococcus aureus Bloodstream Infection (MRSA BSI),Mercy General Hospital,30000124,Sacramento,2.0,74100.0,3.03
187,2014,California,Methicillin-Resistant Staphylococcus aureus Bloodstream Infection (MRSA BSI),Mercy Hospital,120000404,Kern,0.0,11337.0,0.91
188,2014,California,Methicillin-Resistant Staphylococcus aureus Bloodstream Infection (MRSA BSI),Mercy Hospital of Folsom,30000901,Sacramento,1.0,23030.0,1.0
189,2014,California,Methicillin-Resistant Staphylococcus aureus Bloodstream Infection (MRSA BSI),Mercy Medical Center,40000113,Merced,1.0,45249.0,2.64
190,2014,California,Methicillin-Resistant Staphylococcus aureus Bloodstream Infection (MRSA BSI),Mercy Medical Center Mt. Shasta,230000012,Siskiyou,0.0,2715.0,0.1
191,2014,California,Methicillin-Resistant Staphylococcus aureus Bloodstream Infection (MRSA BSI),Mercy Medical Center Redding,230000010,Shasta,4.0,58657.0,3.11
192,2014,California,Methicillin-Resistant Staphylococcus aureus Bloodstream Infection (MRSA BSI),Mercy San Juan Medical Center,30000127,Sacramento,4.0,104859.0,8.97
193,2014,California,Methicillin-Resistant Staphylococcus aureus Bloodstream Infection (MRSA BSI),Mercy Southwest Hospital,120000701,Kern,0.0,26345.0,1.11
194,2014,California,Methicillin-Resistant Staphylococcus aureus Bloodstream Infection (MRSA BSI),Methodist Hospital of Sacramento,30000037,Sacramento,2.0,42636.0,2.8
195,2014,California,Methicillin-Resistant Staphylococcus aureus Bloodstream Infection (MRSA BSI),Methodist Hospital of Southern California,930000096,Los Angeles,4.0,84859.0,4.5
196,2014,California,Methicillin-Resistant Staphylococcus aureus Bloodstream Infection (MRSA BSI),Mills-Peninsula Medical Center,220000017,San Mateo,0.0,49627.0,2.24
197,2014,California,Methicillin-Resistant Staphylococcus aureus Bloodstream Infection (MRSA BSI),Miracle Mile Medical Center,930000158,Los Angeles,0.0,713.0,0.03
199,2014,California,Methicillin-Resistant Staphylococcus aureus Bloodstream Infection (MRSA BSI),Mission Hospital Laguna Beach,60000066,Orange,0.0,18898.0,0.77
200,2014,California,Methicillin-Resistant Staphylococcus aureus Bloodstream Infection (MRSA BSI),Mission Hospital Regional Medical Center,60000060,Orange,1.0,70497.0,2.82
201,2014,California,Methicillin-Resistant Staphylococcus aureus Bloodstream Infection (MRSA BSI),Modoc Medical Center,230000011,Modoc,0.0,409.0,0.01
202,2014,California,Methicillin-Resistant Staphylococcus aureus Bloodstream Infection (MRSA BSI),Montclair Hospital Medical Center,240000009,San Bernardino,0.0,13380.0,0.96
203,2014,California,Methicillin-Resistant Staphylococcus aureus Bloodstream Infection (MRSA BSI),Monterey Park Hospital,930000108,Los Angeles,0.0,16574.0,0.72
204,2014,California,Methicillin-Resistant Staphylococcus aureus Bloodstream Infection (MRSA BSI),Motion Picture & Television Hospital,930000109,Los Angeles,0.0,80.0,0.0
206,2014,California,Methicillin-Resistant Staphylococcus aureus Bloodstream Infection (MRSA BSI),Natividad Medical Center,70000145,Monterey,0.0,38376.0,1.55
207,2014,California,Methicillin-Resistant Staphylococcus aureus Bloodstream Infection (MRSA BSI),Northbay Medical Center,110000010,Solano,0.0,32385.0,1.35
208,2014,California,Methicillin-Resistant Staphylococcus aureus Bloodstream Infection (MRSA BSI),Northbay Vacavalley Hospital,110000378,Solano,0.0,10912.0,0.44
209,2014,California,Methicillin-Resistant Staphylococcus aureus Bloodstream Infection (MRSA BSI),Northern Inyo Hospital,240000037,Inyo,0.0,3785.0,0.25
210,2014,California,Methicillin-Resistant Staphylococcus aureus Bloodstream Infection (MRSA BSI),Northridge Hospital Medical Center,930000111,Los Angeles,2.0,62882.0,4.22
211,2014,California,Methicillin-Resistant Staphylococcus aureus Bloodstream Infection (MRSA BSI),Novato Community Hospital,110000982,Marin,0.0,4622.0,0.17
212,2014,California,Methicillin-Resistant Staphylococcus aureus Bloodstream Infection (MRSA BSI),O'Connor Hospital,70000146,Santa Clara,4.0,41440.0,2.8
213,2014,California,Methicillin-Resistant Staphylococcus aureus Bloodstream Infection (MRSA BSI),Oak Valley Hospital District   (2-Rh),30000131,Stanislaus,0.0,3423.0,0.12
214,2014,California,Methicillin-Resistant Staphylococcus aureus Bloodstream Infection (MRSA BSI),Ojai Valley Community Hospital,50000023,Ventura,0.0,2642.0,0.15
215,2014,California,Methicillin-Resistant Staphylococcus aureus Bloodstream Infection (MRSA BSI),Olympia Medical Center,930000105,Los Angeles,2.0,30420.0,2.49
216,2014,California,Methicillin-Resistant Staphylococcus aureus Bloodstream Infection (MRSA BSI),Orange Coast Memorial Medical Center,60000208,Orange,0.0,46308.0,2.1
217,2014,California,Methicillin-Resistant Staphylococcus aureus Bloodstream Infection (MRSA BSI),Oroville Hospital,230000014,Butte,1.0,40857.0,1.86
218,2014,California,Methicillin-Resistant Staphylococcus aureus Bloodstream Infection (MRSA BSI),PIH Hospital - Downey,930000052,Los Angeles,3.0,32479.0,1.8
219,2014,California,Methicillin-Resistant Staphylococcus aureus Bloodstream Infection (MRSA BSI),Pacific Alliance Medical Center,930000057,Los Angeles,0.0,31095.0,1.26
220,2014,California,Methicillin-Resistant Staphylococcus aureus Bloodstream Infection (MRSA BSI),Pacifica Hospital of the Valley,930000133,Los Angeles,0.0,26500.0,1.06
221,2014,California,Methicillin-Resistant Staphylococcus aureus Bloodstream Infection (MRSA BSI),Palmdale Regional Medical Center,930000077,Los Angeles,0.0,36471.0,1.38
222,2014,California,Methicillin-Resistant Staphylococcus aureus Bloodstream Infection (MRSA BSI),Palo Verde Hospital,250000042,Riverside,0.0,4074.0,0.24
223,2014,California,Methicillin-Resistant Staphylococcus aureus Bloodstream Infection (MRSA BSI),Palomar Health Downtown Campus,80000142,San Diego,1.0,28006.0,1.0
224,2014,California,Methicillin-Resistant Staphylococcus aureus Bloodstream Infection (MRSA BSI),Palomar Medical Center,630013873,San Diego,4.0,82562.0,4.05
225,2014,California,Methicillin-Resistant Staphylococcus aureus Bloodstream Infection (MRSA BSI),Paradise Valley Hospital,90000145,San Diego,2.0,60673.0,2.64
226,2014,California,Methicillin-Resistant Staphylococcus aureus Bloodstream Infection (MRSA BSI),Parkview Community Hospital Medical Center,250000044,Riverside,2.0,44004.0,2.72
227,2014,California,Methicillin-Resistant Staphylococcus aureus Bloodstream Infection (MRSA BSI),Patients' Hospital of Redding,230000444,Shasta,0.0,728.0,0.03
228,2014,California,Methicillin-Resistant Staphylococcus aureus Bloodstream Infection (MRSA BSI),Petaluma Valley Hospital,110000040,Sonoma,3.0,9418.0,0.68
229,2014,California,Methicillin-Resistant Staphylococcus aureus Bloodstream Infection (MRSA BSI),Pioneers Memorial Healthcare District,90000146,Imperial,0.0,18780.0,0.74
230,2014,California,Methicillin-Resistant Staphylococcus aureus Bloodstream Infection (MRSA BSI),Placentia Linda Hospital,60000062,Orange,1.0,14515.0,0.97
231,2014,California,Methicillin-Resistant Staphylococcus aureus Bloodstream Infection (MRSA BSI),Plumas District Hospital,230000015,Plumas,0.0,1070.0,0.04
232,2014,California,Methicillin-Resistant Staphylococcus aureus Bloodstream Infection (MRSA BSI),Pomerado Hospital,80000147,San Diego,2.0,29408.0,1.37
233,2014,California,Methicillin-Resistant Staphylococcus aureus Bloodstream Infection (MRSA BSI),Pomona Valley Hospital Medical Center,930000123,Los Angeles,10.0,104812.0,5.1
234,2014,California,Methicillin-Resistant Staphylococcus aureus Bloodstream Infection (MRSA BSI),Porterville Developmental Center,170001874,Tulare,0.0,1182.0,0.04
235,2014,California,Methicillin-Resistant Staphylococcus aureus Bloodstream Infection (MRSA BSI),Presbyterian Intercommunity Hospital,930000099,Los Angeles,1.0,78646.0,3.8
236,2014,California,Methicillin-Resistant Staphylococcus aureus Bloodstream Infection (MRSA BSI),Providence Holy Cross Medical Center,930000066,Los Angeles,3.0,84172.0,3.89
237,2014,California,Methicillin-Resistant Staphylococcus aureus Bloodstream Infection (MRSA BSI),Providence Little Company of Mary Medical Center San Pedro,930000157,Los Angeles,0.0,28287.0,1.21
238,2014,California,Methicillin-Resistant Staphylococcus aureus Bloodstream Infection (MRSA BSI),Providence Little Company of Mary Medical Center Torrance,930000081,Los Angeles,1.0,69861.0,3.3
239,2014,California,Methicillin-Resistant Staphylococcus aureus Bloodstream Infection (MRSA BSI),Providence Saint John's Health Center,930000100,Los Angeles,2.0,56772.0,2.73
240,2014,California,Methicillin-Resistant Staphylococcus aureus Bloodstream Infection (MRSA BSI),Providence Saint Joseph Medical Center,930000101,Los Angeles,3.0,76263.0,2.89
241,2014,California,Methicillin-Resistant Staphylococcus aureus Bloodstream Infection (MRSA BSI),Providence Tarzana Medical Center,930000091,Los Angeles,2.0,58876.0,2.29
242,2014,California,Methicillin-Resistant Staphylococcus aureus Bloodstream Infection (MRSA BSI),Queen of the Valley Medical Center,110000041,Napa,2.0,32343.0,1.61
243,2014,California,Methicillin-Resistant Staphylococcus aureus Bloodstream Infection (MRSA BSI),Rady Children's Hospital - San Diego,80000023,San Diego,4.0,85331.0,4.48
244,2014,California,Methicillin-Resistant Staphylococcus aureus Bloodstream Infection (MRSA BSI),Redlands Community Hospital,240000046,San Bernardino,3.0,49180.0,2.59
245,2014,California,Methicillin-Resistant Staphylococcus aureus Bloodstream Infection (MRSA BSI),Redwood Memorial Hospital,110000045,Humboldt,0.0,5515.0,0.45
246,2014,California,Methicillin-Resistant Staphylococcus aureus Bloodstream Infection (MRSA BSI),Regional Medical Center of San Jose,70000133,Santa Clara,4.0,60167.0,3.11
247,2014,California,Methicillin-Resistant Staphylococcus aureus Bloodstream Infection (MRSA BSI),Rideout Memorial Hospital,230000261,Sutter,3.0,52141.0,2.57
248,2014,California,Methicillin-Resistant Staphylococcus aureus Bloodstream Infection (MRSA BSI),Ridgecrest Regional Hospital,120000409,Kern,0.0,7212.0,0.26
249,2014,California,Methicillin-Resistant Staphylococcus aureus Bloodstream Infection (MRSA BSI),Riverside Community Hospital,250000049,Riverside,6.0,101990.0,5.61
250,2014,California,Methicillin-Resistant Staphylococcus aureus Bloodstream Infection (MRSA BSI),Riverside County Regional Medical Center,250000050,Riverside,9.0,81216.0,6.8
251,2014,California,Methicillin-Resistant Staphylococcus aureus Bloodstream Infection (MRSA BSI),Ronald Reagan UCLA Medical Center,930000162,Los Angeles,12.0,150419.0,13.3
252,2014,California,Methicillin-Resistant Staphylococcus aureus Bloodstream Infection (MRSA BSI),Saddleback Memorial Medical Center,60000063,Orange,1.0,52816.0,2.59
253,2014,California,Methicillin-Resistant Staphylococcus aureus Bloodstream Infection (MRSA BSI),Saint Agnes Medical Center,40000126,Fresno,6.0,89412.0,3.89
254,2014,California,Methicillin-Resistant Staphylococcus aureus Bloodstream Infection (MRSA BSI),Saint Francis Medical Center,930000128,Los Angeles,3.0,100729.0,4.96
255,2014,California,Methicillin-Resistant Staphylococcus aureus Bloodstream Infection (MRSA BSI),Saint Francis Memorial Hospital,220000029,San Francisco,3.0,29104.0,2.46
256,2014,California,Methicillin-Resistant Staphylococcus aureus Bloodstream Infection (MRSA BSI),Saint Louise Regional Hospital,70000635,Santa Clara,0.0,20782.0,0.8
257,2014,California,Methicillin-Resistant Staphylococcus aureus Bloodstream Infection (MRSA BSI),Saint Vincent Medical Center,930000104,Los Angeles,2.0,39735.0,2.22
258,2014,California,Methicillin-Resistant Staphylococcus aureus Bloodstream Infection (MRSA BSI),Salinas Valley Memorial Hospital,70000147,Monterey,0.0,45293.0,1.69
259,2014,California,Methicillin-Resistant Staphylococcus aureus Bloodstream Infection (MRSA BSI),San Antonio Community Hospital,240000053,San Bernardino,1.0,57565.0,3.55
260,2014,California,Methicillin-Resistant Staphylococcus aureus Bloodstream Infection (MRSA BSI),San Dimas Community Hospital,930000125,Los Angeles,0.0,16506.0,0.87
261,2014,California,Methicillin-Resistant Staphylococcus aureus Bloodstream Infection (MRSA BSI),San Francisco General Hospital,220000019,San Francisco,6.0,89157.0,16.87
262,2014,California,Methicillin-Resistant Staphylococcus aureus Bloodstream Infection (MRSA BSI),San Gabriel Valley Medical Center,930000041,Los Angeles,0.0,33795.0,1.99
263,2014,California,Methicillin-Resistant Staphylococcus aureus Bloodstream Infection (MRSA BSI),San Gorgonio Memorial Hospital,250000101,Riverside,0.0,17506.0,0.82
264,2014,California,Methicillin-Resistant Staphylococcus aureus Bloodstream Infection (MRSA BSI),San Joaquin Community Hospital,120000411,Kern,5.0,72912.0,4.05
265,2014,California,Methicillin-Resistant Staphylococcus aureus Bloodstream Infection (MRSA BSI),San Joaquin General Hospital,30000135,San Joaquin,1.0,42393.0,2.09
266,2014,California,Methicillin-Resistant Staphylococcus aureus Bloodstream Infection (MRSA BSI),San Leandro Hospital,630013913,Alameda,0.0,11148.0,0.86
267,2014,California,Methicillin-Resistant Staphylococcus aureus Bloodstream Infection (MRSA BSI),San Mateo Medical Center,220000007,San Mateo,0.0,20621.0,0.87
268,2014,California,Methicillin-Resistant Staphylococcus aureus Bloodstream Infection (MRSA BSI),San Ramon Regional Medical Center,140000704,Contra Costa,0.0,17423.0,0.66
269,2014,California,Methicillin-Resistant Staphylococcus aureus Bloodstream Infection (MRSA BSI),Santa Barbara Cottage Hospital,50000280,Santa Barbara,2.0,89388.0,5.54
270,2014,California,Methicillin-Resistant Staphylococcus aureus Bloodstream Infection (MRSA BSI),Santa Clara Valley Medical Center,70000149,Santa Clara,9.0,146916.0,11.31
271,2014,California,Methicillin-Resistant Staphylococcus aureus Bloodstream Infection (MRSA BSI),Santa Monica - UCLA Medical Center and Orthopaedic Hospital,930000049,Los Angeles,5.0,77586.0,5.39
272,2014,California,Methicillin-Resistant Staphylococcus aureus Bloodstream Infection (MRSA BSI),Santa Rosa Memorial Hospital,140001268,Sonoma,4.0,62322.0,3.33
273,2014,California,Methicillin-Resistant Staphylococcus aureus Bloodstream Infection (MRSA BSI),Santa Ynez Valley Cottage Hospital,50000030,Santa Barbara,0.0,671.0,0.02
274,2014,California,Methicillin-Resistant Staphylococcus aureus Bloodstream Infection (MRSA BSI),Scripps Green Hospital,80000022,San Diego,2.0,37246.0,1.48
275,2014,California,Methicillin-Resistant Staphylococcus aureus Bloodstream Infection (MRSA BSI),Scripps Memorial Hospital - Encinitas,80000150,San Diego,2.0,43721.0,1.79
276,2014,California,Methicillin-Resistant Staphylococcus aureus Bloodstream Infection (MRSA BSI),Scripps Memorial Hospital - La Jolla,80000149,San Diego,2.0,75432.0,3.19
277,2014,California,Methicillin-Resistant Staphylococcus aureus Bloodstream Infection (MRSA BSI),Scripps Mercy Hospital,90000025,San Diego,6.0,97918.0,10.79
278,2014,California,Methicillin-Resistant Staphylococcus aureus Bloodstream Infection (MRSA BSI),Scripps Mercy Hospital Chula Vista,90000016,San Diego,1.0,43306.0,1.98
279,2014,California,Methicillin-Resistant Staphylococcus aureus Bloodstream Infection (MRSA BSI),Seneca Healthcare District,230000017,Plumas,0.0,634.0,0.02
280,2014,California,Methicillin-Resistant Staphylococcus aureus Bloodstream Infection (MRSA BSI),Sequoia Hospital,220000025,San Mateo,0.0,22047.0,0.86
281,2014,California,Methicillin-Resistant Staphylococcus aureus Bloodstream Infection (MRSA BSI),Seton Medical Center,220000026,San Mateo,2.0,37000.0,1.9
282,2014,California,Methicillin-Resistant Staphylococcus aureus Bloodstream Infection (MRSA BSI),Sharp Chula Vista Medical Center,90000021,San Diego,2.0,70246.0,3.08
283,2014,California,Methicillin-Resistant Staphylococcus aureus Bloodstream Infection (MRSA BSI),Sharp Coronado Hospital and Healthcare Center,90000033,San Diego,0.0,6136.0,0.25
284,2014,California,Methicillin-Resistant Staphylococcus aureus Bloodstream Infection (MRSA BSI),Sharp Mary Birch Hospital For Women And Newborns,80001470,San Diego,1.0,78144.0,2.83
285,2014,California,Methicillin-Resistant Staphylococcus aureus Bloodstream Infection (MRSA BSI),Sharp Memorial Hospital,80000036,San Diego,2.0,98229.0,7.68
286,2014,California,Methicillin-Resistant Staphylococcus aureus Bloodstream Infection (MRSA BSI),Shasta Regional Medical Center,230000016,Shasta,3.0,30678.0,2.91
287,2014,California,Methicillin-Resistant Staphylococcus aureus Bloodstream Infection (MRSA BSI),Sherman Oaks Hospital,930000140,Los Angeles,2.0,30385.0,2.35
288,2014,California,Methicillin-Resistant Staphylococcus aureus Bloodstream Infection (MRSA BSI),Shriners Hospitals for Children,930000141,Los Angeles,0.0,409.0,0.02
289,2014,California,Methicillin-Resistant Staphylococcus aureus Bloodstream Infection (MRSA BSI),Shriners Hospitals for Children North CA,30001506,Sacramento,0.0,5756.0,0.29
290,2014,California,Methicillin-Resistant Staphylococcus aureus Bloodstream Infection (MRSA BSI),Sierra Nevada Memorial Hospital,230000262,Nevada,0.0,18509.0,1.07
291,2014,California,Methicillin-Resistant Staphylococcus aureus Bloodstream Infection (MRSA BSI),Sierra View Medical Center,120001464,Tulare,4.0,22805.0,1.56
292,2014,California,Methicillin-Resistant Staphylococcus aureus Bloodstream Infection (MRSA BSI),Sierra Vista Regional Medical Center,50000031,San Luis Obispo,0.0,22326.0,0.8
293,2014,California,Methicillin-Resistant Staphylococcus aureus Bloodstream Infection (MRSA BSI),Silver Lake Medical Center,930000035,Los Angeles,0.0,39274.0,1.41
294,2014,California,Methicillin-Resistant Staphylococcus aureus Bloodstream Infection (MRSA BSI),Simi Valley Hospital & Health Care Services,50000455,Ventura,2.0,26861.0,1.12
295,2014,California,Methicillin-Resistant Staphylococcus aureus Bloodstream Infection (MRSA BSI),Sonoma Developmental Center,150000050,Sonoma,0.0,1675.0,0.06
296,2014,California,Methicillin-Resistant Staphylococcus aureus Bloodstream Infection (MRSA BSI),Sonora Regional Medical Center,30001799,Tuolumne,0.0,20784.0,0.93
297,2014,California,Methicillin-Resistant Staphylococcus aureus Bloodstream Infection (MRSA BSI),Southern California Hospital at Culiver City,930000015,Los Angeles,4.0,74771.0,4.01
298,2014,California,Methicillin-Resistant Staphylococcus aureus Bloodstream Infection (MRSA BSI),Southern California Hospital at Hollywood,930000064,Los Angeles,3.0,17885.0,0.9
299,2014,California,Methicillin-Resistant Staphylococcus aureus Bloodstream Infection (MRSA BSI),Southern Inyo Hospital,240000102,Inyo,0.0,80.0,0.0
300,2014,California,Methicillin-Resistant Staphylococcus aureus Bloodstream Infection (MRSA BSI),"Southwest Healthcare System, Murrieta",250000507,Riverside,0.0,30128.0,1.08
301,2014,California,Methicillin-Resistant Staphylococcus aureus Bloodstream Infection (MRSA BSI),"Southwest Healthcare System, Wildomar",250000344,Riverside,2.0,30175.0,1.16
302,2014,California,Methicillin-Resistant Staphylococcus aureus Bloodstream Infection (MRSA BSI),St Johns Pleasant Valley Hospital,50000026,Ventura,0.0,11680.0,0.42
303,2014,California,Methicillin-Resistant Staphylococcus aureus Bloodstream Infection (MRSA BSI),St Johns Regional Medical Center,50000035,Ventura,1.0,52535.0,3.29
304,2014,California,Methicillin-Resistant Staphylococcus aureus Bloodstream Infection (MRSA BSI),St Joseph Hospital,60000067,Orange,2.0,85000.0,7.28
305,2014,California,Methicillin-Resistant Staphylococcus aureus Bloodstream Infection (MRSA BSI),St Rose Hospital,140000041,Alameda,2.0,29318.0,1.84
306,2014,California,Methicillin-Resistant Staphylococcus aureus Bloodstream Infection (MRSA BSI),St. Bernardine Medical Center,240000103,San Bernardino,6.0,71275.0,10.89
307,2014,California,Methicillin-Resistant Staphylococcus aureus Bloodstream Infection (MRSA BSI),St. Elizabeth Community Hospital,230000020,Tehama,0.0,9181.0,0.41
308,2014,California,Methicillin-Resistant Staphylococcus aureus Bloodstream Infection (MRSA BSI),St. Helena Hospital,110000058,Napa,0.0,16320.0,0.58
309,2014,California,Methicillin-Resistant Staphylococcus aureus Bloodstream Infection (MRSA BSI),St. Helena Hospital - Clearlake,110000044,Lake,0.0,4831.0,0.17
310,2014,California,Methicillin-Resistant Staphylococcus aureus Bloodstream Infection (MRSA BSI),St. Joseph Hospital,110000067,Humboldt,1.0,29059.0,2.97
311,2014,California,Methicillin-Resistant Staphylococcus aureus Bloodstream Infection (MRSA BSI),St. Joseph's Medical Center Of Stockton,30000143,San Joaquin,3.0,74835.0,4.39
312,2014,California,Methicillin-Resistant Staphylococcus aureus Bloodstream Infection (MRSA BSI),St. Jude Medical Center,60000068,Orange,2.0,64571.0,5.86
313,2014,California,Methicillin-Resistant Staphylococcus aureus Bloodstream Infection (MRSA BSI),"St. Mary Medical Center, Apple Valley",240000104,San Bernardino,5.0,67563.0,3.56
314,2014,California,Methicillin-Resistant Staphylococcus aureus Bloodstream Infection (MRSA BSI),"St. Mary Medical Center, Long Beach",930000103,Los Angeles,2.0,54879.0,2.33
315,2014,California,Methicillin-Resistant Staphylococcus aureus Bloodstream Infection (MRSA BSI),St. Mary's Medical Center,220000030,San Francisco,0.0,29726.0,1.89
316,2014,California,Methicillin-Resistant Staphylococcus aureus Bloodstream Infection (MRSA BSI),Stanford Hospital,70001357,Santa Clara,9.0,146376.0,13.34
317,2014,California,Methicillin-Resistant Staphylococcus aureus Bloodstream Infection (MRSA BSI),Stanislaus Surgical Hospital,30001661,Stanislaus,0.0,1363.0,0.05
318,2014,California,Methicillin-Resistant Staphylococcus aureus Bloodstream Infection (MRSA BSI),Surprise Valley Community Hospital,230000021,Modoc,0.0,31.0,0.0
319,2014,California,Methicillin-Resistant Staphylococcus aureus Bloodstream Infection (MRSA BSI),Sutter Amador Hospital,30000108,Amador,0.0,8431.0,0.33
320,2014,California,Methicillin-Resistant Staphylococcus aureus Bloodstream Infection (MRSA BSI),Sutter Auburn Faith Hospital,30000109,Placer,1.0,11406.0,0.81
321,2014,California,Methicillin-Resistant Staphylococcus aureus Bloodstream Infection (MRSA BSI),Sutter Coast Hospital,110000049,Del Norte,0.0,7268.0,0.26
322,2014,California,Methicillin-Resistant Staphylococcus aureus Bloodstream Infection (MRSA BSI),Sutter Davis Hospital,30000149,Yolo,0.0,11471.0,0.45
323,2014,California,Methicillin-Resistant Staphylococcus aureus Bloodstream Infection (MRSA BSI),Sutter Delta Medical Center,140000016,Contra Costa,1.0,29161.0,1.33
324,2014,California,Methicillin-Resistant Staphylococcus aureus Bloodstream Infection (MRSA BSI),Sutter General Hospital,30000151,Sacramento,3.0,131197.0,8.87
325,2014,California,Methicillin-Resistant Staphylococcus aureus Bloodstream Infection (MRSA BSI),Sutter Lakeside Hospital,110000019,Lake,0.0,6966.0,0.25
326,2014,California,Methicillin-Resistant Staphylococcus aureus Bloodstream Infection (MRSA BSI),Sutter Maternity & Surgery Center of Santa Cruz,70000959,Santa Cruz,0.0,6383.0,0.23
327,2014,California,Methicillin-Resistant Staphylococcus aureus Bloodstream Infection (MRSA BSI),Sutter Roseville Medical Center,30000134,Placer,1.0,85890.0,4.0
328,2014,California,Methicillin-Resistant Staphylococcus aureus Bloodstream Infection (MRSA BSI),Sutter Santa Rosa Regional Hospital,110000007,Sonoma,2.0,24925.0,1.08
329,2014,California,Methicillin-Resistant Staphylococcus aureus Bloodstream Infection (MRSA BSI),Sutter Solano Medical Center,110000068,Solano,0.0,17523.0,0.9
330,2014,California,Methicillin-Resistant Staphylococcus aureus Bloodstream Infection (MRSA BSI),Sutter Surgical Hospital - North Valley,630011844,Sutter,0.0,1488.0,0.05
331,2014,California,Methicillin-Resistant Staphylococcus aureus Bloodstream Infection (MRSA BSI),Sutter Tracy Community Hospital,30000141,San Joaquin,0.0,12016.0,0.61
332,2014,California,Methicillin-Resistant Staphylococcus aureus Bloodstream Infection (MRSA BSI),Tahoe Forest Hospital,230000265,Nevada,0.0,5346.0,0.29
333,2014,California,Methicillin-Resistant Staphylococcus aureus Bloodstream Infection (MRSA BSI),Tehachapi Hospital,120000413,Kern,0.0,5323.0,0.19
334,2014,California,Methicillin-Resistant Staphylococcus aureus Bloodstream Infection (MRSA BSI),Temecula Valley Hospital,630014442,Riverside,0.0,14191.0,0.78
335,2014,California,Methicillin-Resistant Staphylococcus aureus Bloodstream Infection (MRSA BSI),Thousand Oaks Surgical Hospital,50001468,Ventura,0.0,2577.0,0.09
336,2014,California,Methicillin-Resistant Staphylococcus aureus Bloodstream Infection (MRSA BSI),Torrance Memorial Medical Center,930000127,Los Angeles,4.0,84392.0,4.95
337,2014,California,Methicillin-Resistant Staphylococcus aureus Bloodstream Infection (MRSA BSI),Tri-City Medical Center,80000152,San Diego,1.0,74520.0,3.7
338,2014,California,Methicillin-Resistant Staphylococcus aureus Bloodstream Infection (MRSA BSI),Trinity Hospital,230000022,Trinity,0.0,1583.0,0.06
339,2014,California,Methicillin-Resistant Staphylococcus aureus Bloodstream Infection (MRSA BSI),Tulare Regional Medical Center,120001467,Tulare,2.0,14038.0,0.5
340,2014,California,Methicillin-Resistant Staphylococcus aureus Bloodstream Infection (MRSA BSI),Twin Cities Community Hospital,50000037,San Luis Obispo,1.0,18589.0,1.03
341,2014,California,Methicillin-Resistant Staphylococcus aureus Bloodstream Infection (MRSA BSI),UCSF Medical Center,220000031,San Francisco,11.0,193067.0,16.96
342,2014,California,Methicillin-Resistant Staphylococcus aureus Bloodstream Infection (MRSA BSI),USC Kenneth Norris Jr. Cancer Hospital,930000163,Los Angeles,0.0,11652.0,1.09
343,2014,California,Methicillin-Resistant Staphylococcus aureus Bloodstream Infection (MRSA BSI),USC Verdugo Hills Hospital,930000187,Los Angeles,1.0,28561.0,2.19
344,2014,California,Methicillin-Resistant Staphylococcus aureus Bloodstream Infection (MRSA BSI),Ukiah Valley Medical Center,110000070,Mendocino,0.0,13655.0,0.7
345,2014,California,Methicillin-Resistant Staphylococcus aureus Bloodstream Infection (MRSA BSI),University of California Davis Medical Center,30000113,Sacramento,32.0,174068.0,15.71
346,2014,California,Methicillin-Resistant Staphylococcus aureus Bloodstream Infection (MRSA BSI),University of California Irvine Medical Center,60000071,Orange,6.0,114794.0,11.39
347,2014,California,Methicillin-Resistant Staphylococcus aureus Bloodstream Infection (MRSA BSI),"University of California, San Diego Medical Center",90000154,San Diego,11.0,163312.0,16.86
348,2014,California,Methicillin-Resistant Staphylococcus aureus Bloodstream Infection (MRSA BSI),Valley Presbyterian Hospital,930000129,Los Angeles,2.0,66759.0,3.37
349,2014,California,Methicillin-Resistant Staphylococcus aureus Bloodstream Infection (MRSA BSI),Valleycare Medical Center,140000797,Alameda,1.0,34129.0,1.49
350,2014,California,Methicillin-Resistant Staphylococcus aureus Bloodstream Infection (MRSA BSI),Ventura County Medical Center,50000039,Ventura,0.0,48755.0,2.15
351,2014,California,Methicillin-Resistant Staphylococcus aureus Bloodstream Infection (MRSA BSI),Ventura County Medical Center - Santa Paula Hospital,630010957,Ventura,0.0,6151.0,0.26
352,2014,California,Methicillin-Resistant Staphylococcus aureus Bloodstream Infection (MRSA BSI),Victor Valley Global Medical Center,240000054,San Bernardino,1.0,24019.0,1.08
353,2014,California,Methicillin-Resistant Staphylococcus aureus Bloodstream Infection (MRSA BSI),Washington Hospital,140000118,Alameda,3.0,54583.0,2.46
354,2014,California,Methicillin-Resistant Staphylococcus aureus Bloodstream Infection (MRSA BSI),Watsonville Community Hospital,70000155,Santa Cruz,0.0,17230.0,0.69
355,2014,California,Methicillin-Resistant Staphylococcus aureus Bloodstream Infection (MRSA BSI),West Anaheim Medical Center,60000016,Orange,1.0,14872.0,1.26
356,2014,California,Methicillin-Resistant Staphylococcus aureus Bloodstream Infection (MRSA BSI),West Hills Hospital & Medical Center,930000028,Los Angeles,1.0,43536.0,2.75
357,2014,California,Methicillin-Resistant Staphylococcus aureus Bloodstream Infection (MRSA BSI),Western Medical Center  Anaheim,60000074,Orange,0.0,40014.0,1.81
358,2014,California,Methicillin-Resistant Staphylococcus aureus Bloodstream Infection (MRSA BSI),Western Medical Center Santa Ana,60000073,Orange,3.0,33810.0,1.53
359,2014,California,Methicillin-Resistant Staphylococcus aureus Bloodstream Infection (MRSA BSI),White Memorial Medical Center,930000191,Los Angeles,8.0,93571.0,5.38
360,2014,California,Methicillin-Resistant Staphylococcus aureus Bloodstream Infection (MRSA BSI),Whittier Hospital Medical Center,930000151,Los Angeles,1.0,34343.0,1.63
361,2014,California,Methicillin-Resistant Staphylococcus aureus Bloodstream Infection (MRSA BSI),Woodland Memorial Hospital,30000146,Yolo,0.0,22458.0,0.88
